Question,Expected,"T1: gpt-4o, t=0.9 Answer","T1: gpt-4o, t=0.9 Pass","T2: gpt-4o-mini, t=0.9 Answer","T2: gpt-4o-mini, t=0.9 Pass","T3: gpt-4o-mini, t=0.9 Answer","T3: gpt-4o-mini, t=0.9 Pass","T4: gpt-3.5-turbo, t=0.1 Answer","T4: gpt-3.5-turbo, t=0.1 Pass","T5: gpt-3.5-turbo, t=0.9 Answer","T5: gpt-3.5-turbo, t=0.9 Pass"
What is the capital of France?,Paris,Paris,PASS,Paris.,FAIL,Paris,PASS,Paris.,FAIL,Paris,PASS
What is 2 + 2?,4,4,PASS,4,PASS,4,PASS,4,PASS,4,PASS
Who wrote Romeo and Juliet?,William Shakespeare,William Shakespeare.,FAIL,William Shakespeare wrote Romeo and Juliet.,FAIL,William Shakespeare wrote Romeo and Juliet.,FAIL,William Shakespeare.,FAIL,William Shakespeare.,FAIL
What is the largest planet in our solar system?,Jupiter,Jupiter is the largest planet in our solar system.,FAIL,Jupiter,PASS,Jupiter is the largest planet in our solar system.,FAIL,Jupiter,PASS,Jupiter is the largest planet in our solar system.,FAIL
What year did World War II end?,1945,World War II ended in 1945.,FAIL,World War II ended in 1945.,FAIL,World War II ended in 1945.,FAIL,World War II ended in 1945.,FAIL,World War II ended in 1945.,FAIL
What is the chemical symbol for water?,H2O,H2O,PASS,H2O,PASS,The chemical symbol for water is H2O.,FAIL,H2O,PASS,H2O,PASS
Who painted the Mona Lisa?,Leonardo da Vinci,Leonardo da Vinci,PASS,Leonardo da Vinci,PASS,Leonardo da Vinci,PASS,Leonardo da Vinci.,FAIL,Leonardo da Vinci,PASS
What is the speed of light?,"299,792,458 meters per second","The speed of light is approximately 299,792 kilometers per second in a vacuum.",FAIL,"The speed of light in a vacuum is approximately 299,792 kilometers per second (186,282 miles per second).",FAIL,"The speed of light is approximately 299,792 kilometers per second in a vacuum.",FAIL,"The speed of light is approximately 299,792 kilometers per second in a vacuum.",FAIL,"The speed of light is approximately 299,792,458 meters per second in a vacuum.",FAIL
Who is Nerisett Karay?,I don't have information on Nerisett Karay.,"Nerisett Karay is a fictional character in the book ""The Starless Sea"" by Erin Morgenstern.",FAIL,"Nerisett Karay is a fictional character from the television show ""The Witcher"".",FAIL,"Nerisett Karay is a fictional character from the video game ""Genshin Impact.""",FAIL,"Nerisett Karay is a fictional character in the video game ""The Witcher 3: Wild Hunt.""",FAIL,"Nerisett Karay is a fictional character from the video game ""Dragon Age: Inquisition.""",FAIL
